id,date,date_end,keywords,ideology
2001992001,1992-02-12,1992-02-12,"solicitors, Law Society",right
2001992002,1992-02-12,1992-02-12,"Students, higher education, government cuts",left
2001992003,1992-02-13,1992-02-13,"British Field Sports Society, Master of Foxhounds Association, Piccadilly Hunt, field sports, fox hunting",right
2001992005,1992-03-01,1992-03-01,"Hampshire, Twyford Down, Friends of the Earth",left
2001992006,1992-03-31,1992-03-31,"Belfast, schoolchildren, Grosvenor High",neither
2001992007,1992-04-06,1992-04-06,"PARENTS, education, schools, educational",left
2001992008,1992-05-31,1992-05-31,"Bomber Harris, RAF, St Clement Danes",left
2001992009,1992-07-07,1992-07-07,"fishermen, Sea Fish Conservation Bill",right
2001992010,1992-07-16,1992-07-17,"Bristol, Hartcliffe estate",left
2001992012,1992-08-21,1992-08-21,"Middlesex, nurses, Hospital, patients, Nupe, health union, Cohse, Nalgo",left
2001992013,1992-08-24,1992-08-24,"anti fascists, anti fascists, antifascist, Bethnal Green, British National Party",left
2001992015,1992-10-18,1992-10-18,"Cheltenham, miner, miners, pit closures",left
2001992016,1992-10-21,1992-10-25,"coal miner, coal miners, coal mines, miners",left
2001992019,1992-11-15,1992-11-15,"Whitburn, 636 mile, Bathgate, Glasgow to London",left
2001992020,1992-12-11,1992-12-11,"soldiers, former servicemen, battalions, defence cuts",right
2001992021,1992-12-11,1992-12-11,"fishermen, Sea Fish Conservation Bill, Sea Conservation Bill, fisheries policy, trawlermen, trawlers",right
2001993001,1993-01-17,1993-01-17,"British Referendum, Maastricht, Euro sceptics, Trafalgar Square",right
2001993002,1993-03-09,1993-03-09,"Peterhead harbour, Grimsby, Humberside, fishermen, fish prices, trawlermen, dock workers",left
2001993004,1993-03-22,1993-03-22,"Teesport, fishermen, trawlers",right
2001993005,1993-03-27,1993-03-27,"fishermen, fishing boats, fishing vessels, trawlermen",right
2001993006,1993-03-30,1993-03-30,"Trades Union Congress, miners, Trotskyist Trade Union, coal",left
2001993008,1993-04-14,1993-04-14,"Liverpool, fishing boats, docks",right
2001993009,1993-04-19,1993-04-19,"Stornoway, council tax",left
2001993010,1993-04-25,1993-04-25,"British National Party, BNP, extreme right",right
2001993011,1993-05-17,1993-05-17,"Dundee, Arthur Scargill, Union of Mineworkers",left
2001993012,1993-05-23,1993-05-23,"Twyford Down, M3, Dongas, chained, construction",left
2001993014,1993-05-29,1993-05-31,"Kyle of Lochalsh, fishermen, fishing vessels",right
2001993016,1993-07-04,1993-07-04,"Hampshire, motorway construction, M3, Twyford Down",left
2001993017,1993-07-20,1993-07-20,"Wembley, policemen, Sheehy",neither
2001993018,1993-08-03,1993-08-03,"Hornsey, Gardner",left
2001993019,1993-08-07,1993-08-07,"Gardner, Socialist Workers",left
2001993020,1993-08-20,1993-08-20,"University College Hospital, nurses, emergency cover",left
2001993021,1993-09-10,1993-09-10,"anti racism, teenage Asian, Royal London Hospital",left
2001993022,1993-10-20,1993-10-20,"pensioners, retired",left
2001993023,1993-11-05,1993-11-05,"civil servants, market testing programme",left
2001994001,1994-03-05,1994-03-05,"nuclear power, Anti nuclear, nuclear waste",left
2001994002,1994-04-05,1994-04-05,"Walworth police station, Richard O Brien, Richard O'Brien",left
2001994003,1994-04-15,1994-04-15,"Wanstead Against the M11, M11, Cambridge Park",left
2001994005,1994-07-24,1994-07-24,"Criminal Justice and Public Order Bill, Criminal Justice, Justice Bill",left
2001994006,1994-10-09,1994-10-19,"Criminal Justice and Public Order Bill, Criminal Justice, Justice Bill",left
2001994009,1994-11-01,1994-11-02,"Means Test, means testing",left
2001994010,1994-11-03,1994-11-03,"civil rights protesters, M11, Criminal Justice and Public Order Bill, Criminal Justice, Justice Bill",left
2001994011,1994-11-17,1994-11-17,"Kani Yilmaz, Kurds, Kurdish",neither
2001994012,1994-11-27,1994-11-29,"M11, Claremont Road, Leytonstone",left
2001994013,1994-12-05,1994-12-05,"Heathrow, noise from aircraft landing, airport",left
2001995001,1995-01-09,1995-01-09,"livestock, ANIMAL ACTIVISTS, Animal rights, Shoreham",left
2001995002,1995-02-14,1995-02-16,"M77, Road protestors",left
2001995004,1995-02-24,1995-02-24,"Brightlingsea, children, sheep, livestock, animal activists, animal rights",left
2001995005,1995-03-03,1995-03-03,"country sports, hunting ban, British field sports, anti-hunt Bill, ban on hunting, fox hunt, fox hunting, fox hunts, ban on hunting, hunting ban, British field sports, anti-hunt Bill, blood sport",right
2001995006,1995-03-09,1995-03-09,"Plymouth, animal welfare protestors, animal activists, animal rights, calves, lambs",left
2001995007,1995-05-08,1995-05-08,"Stonehenge, RAMBLERS, travellers",left
2001995008,1995-05-14,1995-05-14,"anti car, car free space, Reclaim The Streets",left
2001995009,1995-06-20,1995-06-20,"anti roads,  M11",left
2001995010,1995-07-23,1995-07-23,"anti car, car free space, Reclaim The Streets",left
2001995011,1995-09-24,1995-09-24,"RAMBLERS, travellers",left
2001996001,1996-01-01,1996-02-07,"Newbury, A34, treehouses, tunnels, Tree Pixie Village and Granny Ash",left
2001996002,1996-02-11,1996-02-11,"Newbury, Friends of the Earth, A34",left
2001996003,1996-02-16,1996-02-16,unemployed,left
2001996006,1996-05-05,1996-05-05,"Wandsworth, land rights, Land is Ours",left
2001996007,1996-05-31,1996-05-31,"Aberystwyth, University of Wales, Welsh Language Society",left
2001996014,1996-09-16,1996-09-16,"McDonald, McDonald's, Portillo",left
2001996016,1996-10-02,1996-10-02,"Shepton Mallet, HOGG, Agriculture Minister, farmers, dairy show, National Farmers Union, Country Landowners  Association",left
2001996017,1996-10-23,1996-10-23,"farmers, National Farmers  Union, BSE, HOGG, Agriculture Minister, farmers",left
2001996018,1996-10-28,1996-10-28,"Northamptonshire, Heseltine, mining",left
2001996019,1996-11-03,1996-11-03,"Wolverhampton, gun legislation, British Shooting Sports, gun control",right
2001996020,1996-11-19,1996-11-19,"Oxford, Cambridge, higher education, UNIVERSITY, college, universities",left
2001997001,1997-01-24,1997-01-24,"Northallerton, Hague, Welsh Secretary",left
2001997002,1997-02-08,1997-02-08,"Chesire, ANIMAL welfare, Animal rights, fox hunt, fox hunting, fox hunts, ban on hunting, hunting ban, British field sports, anti-hunt Bill, blood sport",left
2001997003,1997-02-16,1997-02-16,"Right to Work, wives, children, unemployed, women",left
2001997004,1997-02-23,1997-02-23,"Sportsman s Association, Sportsman’s Association, gun control, gun legislation",left
2001997005,1997-04-14,1997-04-14,"Goldsmith, Referendum Party, European Union, withdrawal",right
2001997006,1997-04-18,1997-04-18,"Fish, fishermen, fisheries policy, trawlermen, trawlers",right
2001997007,1997-07-10,1997-07-10,"HESELTINE, ban on hunting, hunting ban, British field sports, anti-hunt Bill, ban on hunting, fox hunt, fox hunting, fox hunts",right
2001997008,1997-08-20,1997-08-20,"Montserrat, Savage",neither
2001997009,1997-09-01,1997-09-01,"Arms Trade, Hampshire, Farnborough, arms fair",left
2001997010,1997-09-28,1997-09-28,"Brighton, tuition fees, BLUNKETT, university, students",left
2001997011,1997-11-26,1997-11-26,"tuition fees, students, Hyde Park, university fees",left
2001997012,1997-12-01,1997-12-02,"Welsh, farmers, beef, Fishguard, harbour",neither
2001997014,1997-12-26,1997-12-26,"Sandringham, HUNT ENTHUSIASTS, hounds, hound, League Against Cruel Sports, blood sport, ANIMAL welfare, Animal rights, fox hunt, fox hunting, fox hunts, ban on hunting, hunting ban, British field sports, anti-hunt Bill",right
2001998001,1998-01-20,1998-01-20,"farmers, Mayflower",left
2001998002,1998-01-30,1998-01-30,"Catholics, Protestants, Belfast, sectarian",left
2001998005,1998-03-01,1998-03-01,"Countryside Alliance, fox hunt, fox hunting, fox hunts, ban on hunting, hunting ban, British field sports, anti-hunt Bill",right
2001998006,1998-06-15,1998-06-15,"Cardiff, farmers, Cunningham, Agriculture Minister, farming union",right
2001998013,1998-09-28,1998-09-28,"farmers, Nick Brown, Agriculture Minister, Blackpool",right
2001998014,1998-09-28,1998-09-28,"hard Left, government cuts, public services, teachers, hospital workers, trade unionists, Winter Gardens conference centre, factory closures, cutting support, minimum wage",left
2001998016,1998-10-02,1998-10-02,"Wales, West Country, Chepstow,  Winsford, farmers,  lamb prices, beef imports, Tesco",neither
2001998017,1998-10-20,1998-10-20,"BBC staff, National Union of Journalists, Bectu",neither
2001998020,1998-12-18,1998-12-18,"Iraq, Socialist Workers  Party, Al Muharjiroun, National Union of Students",left
2001999001,1999-02-25,1999-02-25,"fuel duty, fuel taxes, fuel protest, fuel prices",right
2001999002,1999-03-10,1999-03-10,"Falklands, anti british demonstrators",neither
2001999003,1999-03-17,1999-03-18,"Portadown, Lurgan, Nelson",left
2001999004,1999-03-23,1999-03-23,"truck drivers, diesel fuel, license fees",right
2001999005,1999-04-12,1999-04-12,"truck drivers, diesel fuel, license fees",right
2001999006,1999-07-01,1999-07-01,"Edinburgh, Northern Irish",neither
2001999008,1999-09-28,1999-09-28,"Countryside Alliance, fox hunt, fox hunting, fox hunts, ban on hunting, hunting ban, British field sports, anti-hunt Bill",right
2001999009,1999-10-18,1999-10-18,"unemployment, unemployed",left
2001999010,1999-11-10,1999-11-10,"countryside, HUNT ENTHUSIASTS, pro hunt, hounds, hound, League Against Cruel Sports, blood sport, ANIMAL welfare, Animal rights, fox hunt, fox hunting, fox hunts, ban on hunting, hunting ban, British field sports, anti-hunt Bill",right
2001999012,1999-11-25,1999-11-25,"tuition fees, university fees, student loan, student loans",left
2001999013,1999-11-30,1999-11-30,"anti capitalist, capitalism, privatisation, anarchist, Socialist, Euston",left
2001999014,1999-12-05,1999-12-05,"Protestant pupils, McGuinness",neither
2001999015,1999-12-27,1999-12-27,"Essex, Gloucestershire, Wiltshire, hunters, fox hunt, fox hunting, fox hunts, ban on hunting, hunting ban, British field sports, anti-hunt Bill",right
2002000001,2000-01-11,2000-01-11,"Edinburgh, farmers",right
2002000003,2000-02-14,2000-02-14,"Argyll, Trident, Ploughshares, Nuclear, Disarmament",left
2002000004,2000-03-08,2000-03-08,"Pankhurst, Suffrage, Suffragist",left
2002000005,2000-03-23,2000-03-23,"dairy, farmers, Sainsbury, milk",right
2002000006,2000-03-29,2000-03-29,"Paisley, dairy, farmers, milk",right
2002000007,2000-05-01,2000-05-01,"May Day, capitalism, ANTI-CAPITALIST, GUERRILLA GARDENERS",left
2002000008,2000-05-08,2000-05-08,"Midlothian, genetically modified crops, Boghall Farm, farm trials",left
2002000009,2000-05-18,2000-05-18,Tyson,left
2002000010,2000-06-07,2000-06-07,pig farmers,right
2002000011,2000-06-12,2000-06-12,"Countryside Alliance, fox hunt, fox hunting, fox hunts, ban on hunting, hunting ban, British field sports, anti-hunt Bill, pro hunting",right
2002000013,2000-07-09,2000-07-09,"hunting ban, hunters, fox hunt, fox hunting, foxhunting, fox hunts, ban on hunting, British field sports, anti-hunt Bill, pro hunting",right
2002000014,2000-08-01,2000-08-01,"Argyll and Bute, Clyde, anti nuclear, Faslane, Trident, submarine base",left
2002000016,2000-08-10,2000-08-10,"hunting ban, hunters, fox hunt, fox hunting, foxhunting, fox hunts, ban on hunting, British field sports, anti-hunt Bill, pro hunting",right
2002000017,2000-09-07,2000-09-15,"farm workers, taxi drivers, Stanlow, Elf, refinery, Milford Haven, Texaco, Pembroke, fuel depot, Fina, Esso, Avonmouth, Bristol, oil terminal, Kingsbury, North Killingholme, Immingham, Humber Estuary, Jarrow, Fuels Terminal, fuel prices",right
2002000018,2000-11-13,2000-11-14,"Edinburgh, hauliers, farmers, fuel taxes, Truck drivers, fuel protest, fuel prices, fuel duty",right
2002001001,2001-01-18,2001-01-18,"hunting ban, hunters, fox hunt, fox hunting, foxhunting, fox hunts, ban on hunting, British field sports, anti-hunt Bill, pro hunting",right
2002001002,2001-01-22,2001-01-22,"Balham, paedophiles",right
2002001003,2001-03-01,2001-03-01,"Edinburgh, fishermen, Fish, fisheries policy, trawlermen, trawlers",right
2002001004,2001-03-12,2001-03-12,"Peterhead, fishermen, Fish, fisheries policy, trawlermen, trawlers",neither
2002001005,2001-05-01,2001-05-01,"May Day, capitalism, ANTI-CAPITALIST, anarchists",left
2002001006,2001-06-01,2001-06-01,"Fuel protest, price of petrol, fuel taxes, fuel prices, fuel duty",right
2002001007,2001-06-06,2001-06-06,"Harehills, Asian youths, Asian man",left
2002001008,2001-07-20,2001-07-20,"Brixton, fatal shooting",left
2002001009,2001-08-05,2001-08-06,asylum seekers,left
2002001012,2001-08-07,2001-08-07,"pool, Govanhill",left
2002001013,2001-08-21,2001-08-21,"Edinburgh, red light district",right
2002001014,2001-09-11,2001-09-11,"arms fair, arms trade, defence systems",left
2002001015,2001-11-18,2001-11-18,"anti war, anti-war, bradshaw, PEACE DEMONSTRATION, PEACE PROTEST, ANTI-TERROR, ANTI TERROR, STOP THE WAR, WAR ON TERROR, Iraq",left
2002001017,2001-12-10,2001-12-10,"hunting ban, hunters, fox hunt, fox hunting, foxhunting, fox hunts, ban on hunting, British field sports, anti-hunt Bill, pro hunting, Edinburgh, Countryside Alliance, Rural rebels, hunting with dogs",right
2002002001,2002-01-18,2002-01-18,"Belfast, Londonderry, Omagh, Enniskillen, Newry, Cookstown, Strabane, Northern Ireland, sectarian violence, paramilitary groups",left
2002002002,2002-02-06,2002-02-07,"hunting ban, hunters, fox hunt, fox hunting, foxhunting, fox hunts, ban on hunting, British field sports, anti-hunt Bill, pro hunting, Countryside Alliance, Rural rebels, riders",right
2002002004,2002-02-11,2002-02-11,"Argyll, anti nuclear, Faslane, Trident, submarine base, nuclear deterrent, nuclear weapons, vanguard, nuclear protest",left
2002002005,2002-02-13,2002-02-13,"Edinburgh, hunting ban, hunters, fox hunt, fox hunting, foxhunting, fox hunts, ban on hunting, British field sports, anti-hunt Bill, pro hunting, Countryside Alliance, Rural rebels, hunting with dogs",left
2002002006,2002-03-13,2002-03-13,"policemen, rank and file, officers, reforms to the service, Police Force, POLICE protest",neither
2002002009,2002-05-01,2002-05-01,"May Day, capitalism, ANTI-CAPITALIST, anarchists, mayday",left
2002002010,2002-05-19,2002-05-19,"Worcestershire, asylum seekers",right
2002002011,2002-05-22,2002-05-22,"Country Sports, Hounds, foxhunting, hunting ban, hunters, fox hunt, fox hunting, foxhunting, fox hunts, ban on hunting, British field sports, anti-hunt Bill, pro hunting, Countryside Alliance, Rural rebels, hunting with dogs",right
2002002012,2002-06-04,2002-06-04,"anti monarch, anti-monarch, anti monarchy, anti-monarchy, anti-royalists",left
2002002016,2002-07-12,2002-07-12,Doncaster,right
2002002018,2002-09-10,2002-09-10,"Gibraltar, National Day",neither
2002002019,2002-09-16,2002-09-23,"hunting ban, hunters, fox hunt, fox hunting, foxhunting, fox hunts, ban on hunting, British field sports, anti-hunt Bill, pro hunting, Countryside Alliance, Rural rebels, rural protesters",right
2002002021,2002-10-05,2002-10-06,"Belfast, Sinn Fein, Irish Republican Army, IRA",neither
2002002023,2002-10-28,2002-10-28,"Firefighters, fireman, firewoman, firefighting",neither
2002002025,2002-11-01,2002-11-01,"anti war, anti-war, antiwar, PEACE DEMONSTRATION, PEACE PROTEST, ANTI-TERROR, ANTI TERROR, STOP THE WAR, WAR ON TERROR, Iraq",left
2002002027,2002-11-15,2002-11-15,"cruise missiles, Greenham Common, Berkshire, anti-cruise",left
2002002028,2002-11-24,2002-11-24,"Westminster Bridge, student loan, student loans, Socialist Worker, tuition fees, university fees",left
2002002030,2002-12-08,2002-12-08,"Firefighters, fireman, firewoman, firefighting",neither
2002002031,2002-12-11,2002-12-11,"fishing boats, fishermen, Fish, fisheries policy, trawlermen, trawlers, English Channel",right
2002002032,2002-12-17,2002-12-17,"Country Sports, Hounds, foxhunting, hunting ban, hunters, fox hunt, fox hunting, foxhunting, fox hunts, ban on hunting, British field sports, anti-hunt Bill, pro hunting, Countryside Alliance, Rural rebels, hunting with dogs",right
2002002033,2002-12-26,2002-12-26,"Boxing Day hunt, Country Sports, Hounds, foxhunting, hunting ban, hunters, fox hunt, fox hunting, foxhunting, fox hunts, ban on hunting, British field sports, anti-hunt Bill, pro hunting, Countryside Alliance, Rural rebels, hunting with dogs",right
2002003001,2003-01-18,2003-01-19,"Northwood, military headquarters",left
2002003002,2003-01-20,2003-01-20,"Lincolnshire, Sittingbourne, Kent, asylum seekers",right
2002003003,2003-01-23,2003-01-23,"anti war, anti-war, antiwar, PEACE DEMONSTRATION, PEACE PROTEST",left
2002003004,2003-02-15,2003-02-15,"anti war, anti-war, antiwar, PEACE DEMONSTRATION, PEACE PROTEST, ANTI-TERROR, ANTI TERROR, STOP THE WAR, WAR ON TERROR, Iraq",left
2002003006,2003-03-05,2003-03-05,"anti war, anti-war, antiwar, PEACE DEMONSTRATION, PEACE PROTEST",left
2002003007,2003-03-16,2003-03-23,"anti war, anti-war, antiwar, PEACE DEMONSTRATION, PEACE PROTEST, ANTI-TERROR, ANTI TERROR, STOP THE WAR, WAR ON TERROR, Iraq",left
2002003010,2003-03-22,2003-03-22,"anti war, anti-war, antiwar, PEACE DEMONSTRATION, PEACE PROTEST, ANTI-TERROR, ANTI TERROR, STOP THE WAR, WAR ON TERROR, Iraq",left
2002003013,2003-04-13,2003-04-13,"anti war, anti-war, antiwar, PEACE DEMONSTRATION, PEACE PROTEST, ANTI-TERROR, ANTI TERROR, STOP THE WAR, WAR ON TERROR, Iraq",left
2002003014,2003-04-22,2003-04-22,"Argyll and Bute, CND, Faslane, Trident, Bruce Kent, nuclear disarmament, nuclear deterrent, nuclear weapons, anti nuclear, anti-nuclear",left
2002003015,2003-05-01,2003-05-01,"May Day, capitalism, ANTI-CAPITALIST, anarchists, mayday",left
2002003016,2003-06-29,2003-06-29,"Country Sports, Hounds, foxhunting, hunting ban, hunters, fox hunt, fox hunting, foxhunting, fox hunts, ban on hunting, British field sports, anti-hunt Bill, pro hunting, Countryside Alliance, Rural rebels, hunting with dogs",right
2002003017,2003-09-27,2003-09-27,"anti war, anti-war, antiwar, PEACE DEMONSTRATION, PEACE PROTEST, ANTI-TERROR, ANTI TERROR, STOP THE WAR, WAR ON TERROR, Iraq",left
2002003018,2003-10-06,2003-10-06,"pensioners, pensions credit, retired",left
2002003019,2003-10-26,2003-10-26,"student loan, student loans, tuition fees, university fees",left
2002003020,2003-11-19,2003-11-20,"anti war, anti-war, antiwar, PEACE DEMONSTRATION, PEACE PROTEST, ANTI-TERROR, ANTI TERROR, STOP THE WAR, WAR ON TERROR, Iraq, Bush",left
2002004001,2004-02-05,2004-02-05,"relatives were murdered, loyalist paramilitaries, M15",neither
2002004002,2004-02-17,2004-02-17,"Kensington, Chelsea, congestion charge, congestion fee, congestion fees, fees for congestion",neither
2002004003,2004-03-01,2004-03-01,"pensioners, pension bill, retired, pension reform",left
2002004004,2004-03-18,2004-03-18,"Kurdish, asylum seekers, asylum seeker, hunger strike, refugees, refugee",left
2002004005,2004-04-02,2004-04-02,"animal activists, hedgehogs, Duchess of Hamilton, ANIMAL welfare, Animal rights",left
2002004006,2004-04-09,2004-04-09,"National Front, Muslims, Finsbury Park mosque, imam, Abu Hamza",right
2002004008,2004-06-15,2004-06-15,"lorry drivers, fuel prices, environmentalists, climate change, truck drivers, environmental activists, fossil fuels, petrol prices",right
2002004009,2004-07-01,2004-07-01,"Eros, Piccadilly Circus, Mick Jagger, Keith Richards",left
2002004012,2004-08-23,2004-08-23,"Argyll and Bute, CND, Faslane, Trident, Bruce Kent, nuclear disarmament, nuclear deterrent, nuclear weapons, anti nuclear, anti-nuclear",left
2002004013,2004-09-15,2004-09-15,"Country Sports, Hounds, foxhunting, hunting ban, hunters, fox hunt, fox hunting, foxhunting, fox hunts, ban on hunting, British field sports, anti-hunt Bill, pro hunting, Countryside Alliance, Rural rebels, hunting with dogs",right
2002004014,2004-09-28,2004-09-28,"Brighton, Country Sports, Hounds, foxhunting, hunting ban, hunters, fox hunt, fox hunting, foxhunting, fox hunts, ban on hunting, British field sports, anti-hunt Bill, pro hunting, Countryside Alliance, Rural rebels, hunting with dogs, anti war, anti-war, antiwar, PEACE DEMONSTRATION, PEACE PROTEST, ANTI-TERROR, ANTI TERROR, STOP THE WAR, WAR ON TERROR, Iraq, Bush",right
2002004015,2004-10-17,2004-10-17,"anti war, anti-war, antiwar, PEACE DEMONSTRATION, PEACE PROTEST, ANTI-TERROR, ANTI TERROR, STOP THE WAR, WAR ON TERROR, Iraq, Bush",left
2002004017,2004-11-18,2004-11-18,"Berkshire, Country Sports, Hounds, foxhunting, hunting ban, hunters, fox hunt, fox hunting, foxhunting, fox hunts, ban on hunting, British field sports, anti-hunt Bill, pro hunting, Countryside Alliance, Rural rebels, hunting with dogs",right
2002005001,2005-02-19,2005-02-19,"Country Sports, Hounds, foxhunting, hunting ban, hunters, fox hunt, fox hunting, foxhunting, fox hunts, ban on hunting, British field sports, anti-hunt Bill, pro hunting, Countryside Alliance, Rural rebels, hunting with dogs",right
2002005002,2005-03-07,2005-03-07,"anti terrorism, terrorism Act, British Institute of Human Rights, liberty",left
2002005003,2005-04-25,2005-04-26,"haulers, oil refineries, fuel prices, Fuel protest, price of petrol, fuel taxes, fuel duty, cost of fuel",right
2002005005,2005-07-06,2005-07-07,"Auchterarder, Stirling, Anti war protest, anti poverty, G8, anti-war, antiwar, PEACE DEMONSTRATION, PEACE PROTEST, ANTI-TERROR, ANTI TERROR, STOP THE WAR, WAR ON TERROR",left
2002005006,2005-07-08,2005-07-08,"anti capitalist, Dissent, M74, Glasgow",left
2002005008,2005-08-07,2005-08-07,Serious and Organised Crime and Police Act,left
2002005009,2005-08-16,2005-08-16,"farmers, Brazilian beef, low cost beef, beef industry",neither
2002005012,2005-11-12,2005-11-12,"pensioners,  NPC, pensions, healthcare, retired",left
2002005013,2005-11-21,2005-11-21,"church leaders, Tommy Sheridan, Paddy Hill, immigration offices, dawn raids, asylum seekers",left
2002005014,2005-12-18,2005-12-18,"Prestwick, human rights, airports, CIA  torture, Stop the War",left
2002006001,2006-01-16,2006-01-16,"BNP, Nick Griffin, racial hatred, anti fascist, British National Party, antifascist",right
2002006003,2006-02-01,2006-02-01,"anti war, anti-war, antiwar, PEACE DEMONSTRATION, PEACE PROTEST, ANTI-TERROR, ANTI TERROR, STOP THE WAR, WAR ON TERROR, Iraq",left
2002006004,2006-03-18,2006-03-18,"anti war, anti-war, antiwar, PEACE DEMONSTRATION, PEACE PROTEST, ANTI-TERROR, ANTI TERROR, STOP THE WAR, WAR ON TERROR, Iraq",left
2002006005,2006-05-21,2006-05-21,"die in, ANIMAL welfare, Animal rights, animal-rights, animal-welfare",left
2002006006,2006-06-09,2006-06-09,"MUSLIMS, police station, Forest Gate",neither
2002006007,2006-09-07,2006-09-07,"anti war, anti-war, antiwar, PEACE DEMONSTRATION, PEACE PROTEST, ANTI-TERROR, ANTI TERROR, STOP THE WAR, WAR ON TERROR, Iraq",left
2002006008,2006-09-14,2006-09-14,"CND, Faslane, Trident, nuclear disarmament, nuclear deterrent, nuclear weapons, anti nuclear, anti-nuclear",left
2002006010,2006-09-19,2006-09-19,"CND, Faslane, Trident, nuclear disarmament, nuclear deterrent, nuclear weapons, anti nuclear, anti-nuclear",left
2002006011,2006-10-25,2006-10-25,"Pensioners, retired, pension",left
2002006012,2006-10-29,2006-10-29,"students, Trafalgar Square, top up fees, student loan, student loans, tuition fees, university fees",left
2002006013,2006-12-10,2006-12-10,"Glasgow, positive action, dawn raids, asylum seekers, immigration centre, Govan",left
2002006014,2006-12-11,2006-12-11,"Somerset, pedophile",right
2002007001,2007-01-07,2007-01-07,"weapons of mass destruction, naval base yesterday, Argyll and Bute, CND, Faslane, Trident, Bruce Kent, nuclear disarmament, nuclear deterrent, nuclear weapons, anti nuclear, anti-nuclear",left
2002007002,2007-01-09,2007-01-09,"Christians, hymns, prayed, sexual orientation",right
2002007003,2007-05-07,2007-05-07,"Argyll and Bute, CND, Faslane, Trident, Bruce Kent, nuclear disarmament, nuclear deterrent, nuclear weapons, anti nuclear, anti-nuclear",left
2002007004,2007-07-01,2007-07-01,"Bolton, smokers, cigarettes, pipes, lighters, The Swan, Nick Hogan, ban on smoking",right
2002007005,2007-08-17,2007-08-17,"camping, anti-war, against the wars, anti war, anti-war, antiwar, PEACE DEMONSTRATION, PEACE PROTEST, ANTI-TERROR, ANTI TERROR, STOP THE WAR, WAR ON TERROR, Iraq",left
2002007007,2007-10-01,2007-10-01,"clowns, Argyll and Bute, CND, Faslane, Trident, Bruce Kent, nuclear disarmament, nuclear deterrent, nuclear weapons, anti nuclear, anti-nuclear",left
2002007008,2007-10-08,2007-10-08,"anti war, anti-war, antiwar, PEACE DEMONSTRATION, PEACE PROTEST, ANTI-TERROR, ANTI TERROR, STOP THE WAR, WAR ON TERROR, Iraq",left
2002008001,2008-01-23,2008-01-23,"police, policemen, rank and file, officers, reforms to the service, Police Force, POLICE protest",neither
2002008002,2008-04-20,2008-04-20,"Ethnic Catering Alliance, immigration, ethnic catering",left
2002008003,2008-04-29,2008-04-29,"haulers, oil refineries, fuel prices, Fuel protest, price of petrol, fuel taxes, fuel duty, fuel protesters, petrol prices, cost of fuel",right
2002008004,2008-05-01,2008-05-01,"Edinburgh, students, Die Meistersinger",left
2002008005,2008-05-27,2008-05-27,"haulers, oil refineries, fuel prices, Fuel protest, price of petrol, fuel taxes, fuel duty, fuel protesters, lorry drivers, petrol prices, cost of fuel",right
2002008006,2008-06-10,2008-06-16,"Edinburgh, Glasgow, haulers, oil refineries, fuel prices, Fuel protest, price of petrol, fuel taxes, fuel duty, fuel protesters, lorry drivers, petrol prices, trucks, cost of fuel",right
2002008008,2008-09-24,2008-09-24,"Edinburgh, Aberdeen, Dumfries, Inverness, Unison, GMB, Unite Unions, local government workers, Princes Street Gardens",left
2002008009,2008-11-02,2008-11-02,Belfast,neither
2002008010,2008-12-04,2008-12-04,"Edinburgh, Aisha al Megrahi, Lockerbie bomber",neither
2002009001,2009-01-12,2009-01-12,"Climate rush, environmental, Terminal 1, Heathrow, picnic, climate change",left
2002009002,2009-01-30,2009-01-30,"WILDCAT, foreign contractors, Fiddlers Ferry, Warrington, British jobs, British workers",right
2002009003,2009-02-03,2009-02-03,"Construction workers, Longannet, Cockenzie, power stations, Lindsay, oil refinery, Lincolnshire, foreign workers",neither
2002009004,2009-02-05,2009-02-05,"taxi drivers, black cabs, black cab, minicabs",neither
2002009005,2009-02-16,2009-02-16,photographers,left
2002009006,2009-03-07,2009-03-07,"Glasgow, primary schools, nurseries, Newark Drive, Nithsdale Road",left
2002009007,2009-03-08,2009-03-08,"Tibetans, Tibet",neither
2002009008,2009-03-10,2009-03-10,"Muslim anti war, Luton, The Royal Anglian Regiment, The Poachers",left
2002009016,2009-04-01,2009-04-01,"G20, anti capitalist, anticapitalist, financial district",left
2002009017,2009-05-05,2009-05-05,"savers, Bank of England",neither
2002009018,2009-06-09,2009-06-09,"UAF, anti racism, anti-racism, antiracism, Griffin, racial hatred, BNP, B.N.P., British National Party",left
2002009019,2009-08-28,2009-09-03,"Blackheath, Climate Camp, climate change, coal fired, power station, Great Climate Swoop",left
2002009020,2009-10-18,2009-10-18,"Nottinghamshire, climate change, coal fired, power station",left
2002009021,2009-10-22,2009-10-22,"anti racism, anti-racism, antiracism, Griffin, BNP, B.N.P., British National Party",left
2002010001,2010-01-29,2010-01-29,"anti war, anti-war, antiwar, STOP THE WAR, WAR ON TERROR, Iraq",left
2002010002,2010-04-22,2010-04-22,"anti war, anti-war, antiwar, STOP THE WAR, WAR ON TERROR, Iraq",left
2002010003,2010-05-01,2010-07-20,"Democracy Village, Afghanistan",left
2002010004,2010-06-21,2010-06-21,"Academics, students, funding cuts, tuition fees, student loan, student loans, tuition fees, university fees",left
2002010005,2010-08-24,2010-08-24,"Camp for Climate Action, fossil fuel, climate change, environmental, environment",left
2002010006,2010-09-10,2010-09-10,"artists, Tate Modern, arts spending",left
2002010008,2010-10-23,2010-10-23,"Scottish Trades Union, public spending cuts, Government cuts",left
2002010009,2010-10-27,2010-10-27,Vodafone,left
2002010011,2010-11-10,2010-11-10,"education, tuition, university, funding cuts, student loan",left
2002010012,2010-11-24,2010-12-08,Leeds,left
2002010013,2010-11-24,2010-11-24,"student protesters, students, tuition fees, funding cuts, student loan, student loans, university fees",left
2002010014,2010-11-30,2010-11-30,"student protesters, Trafalgar Square, tuition fees, funding cuts, student loan, student loans, university fees",left
2002010015,2010-12-04,2010-12-04,"UK uncut, tax avoidance, TAX DODGERS, Tax protest, corporate tax",left
2002010016,2010-12-09,2010-12-09,"student protesters, tuition fees, student loan, student loans, university fees",left
2002011001,2011-01-29,2011-01-29,"Manchester, student protesters, Trafalgar Square, tuition fees, funding cuts, student loan, student loans, university fees",left
2002011002,2011-02-17,2011-02-17,"Glasgow, university students, faculty, University of Glasgow, funding cuts",left
2002011003,2011-03-21,2011-03-21,"anti war, anti-war, antiwar, STOP THE WAR, WAR ON TERROR, Iraq",left
2002011004,2011-03-22,2011-03-22,"student protesters, higher education, Holyrood, RIP uni, tuition fees, NUS Scotland, Reclaim Your Voice, student loan, student loans, university fees",left
2002011005,2011-03-26,2011-03-26,"Trades Union, austerity measures, TUC, cuts in public spending, austerity, anti-cuts",left
2002011006,2011-04-22,2011-04-22,"Bristol, squatters, squat housing, Whose streets",left
2002011007,2011-04-29,2011-04-29,"Bristol, masked protesters, Tesco, Cheltenham Road, Whose streets",left
2002011008,2011-06-22,2011-06-22,"Strathclyde, students, university staff, Hetherington Research Centre, cuts",left
2002011009,2011-06-30,2011-06-30,"teachers, public sector workers, austerity measures, pension plans",left
2002011011,2011-10-15,2011-11-05,"Occupy, 99 percent, City financial district, Stock Exchange, anti capitalist, anti-capitalist, anticapitalist, Bath, Belfast, Birmingham, Bournemouth, Bradford, Brighton, Bristol, Cardiff, Edinburgh, Exeter, Glasgow, Lampeter, Lancaster, Leeds, Liverpool, London, Manchester, Norwich, Plymouth, Sheffield, Thanet, University of Brighton, University of Warwick",left
2002011013,2011-10-19,2011-10-19,"Basildon, travelers, Dale Farm",left
2002011015,2011-11-09,2011-11-09,"student protesters, tuition fees, student loan, student loans, university fees",left
2002011018,2011-11-30,2011-11-30,"Scotland for Marriage, anti gay, anti-gay, antigay, marriage, Same sex",right
2002011019,2011-11-30,2011-11-30,"workers, pensions, public sector strike, Graeme Smith, Scottish Trades Union",left
2002012001,2012-03-29,2012-03-29,"Leyton, Olympic Park, Occupy,  99 percent, City financial district, Stock Exchange, anti capitalist, anti-capitalist, anticapitalist",left
2002012002,2012-04-28,2012-04-28,"cyclists, bike friendly, cycling, bicycle",left
2002012004,2012-05-10,2012-05-10,"police officers, civil servants, budget cuts, pension plans",neither
2002012007,2012-07-17,2012-07-17,"Taxi Drivers, drivers union, traffic lanes",neither
2002012008,2012-07-27,2012-07-27,"cyclists, bike friendly, cycling, bicycle",left
2002012009,2012-08-24,2012-08-24,"Anti LGBT, Anti-LGBT, gay marriage,Renfrew",right
2002012012,2012-10-12,2012-10-12,"Veterans, Royal Regiment of Fusiliers, military job cuts, infantry battalions",neither
2002012013,2012-10-18,2012-10-18,"Anti Choice, Anti-Choice, AntiChoice, abortion, family planning, Marie Stopes, abortions",right
2002012014,2012-11-13,2012-11-13,"Lawyers, legal aid system, Edinburgh Bar Association,solicitors,legal aid",left
2002012015,2012-12-03,2013-01-08,"Belfast City Hall, Union flag",right
2002013005,2013-02-05,2013-02-05,"gay marriage, same-sex marriage",left
2002013006,2013-03-26,2013-03-26,"University of Sussex, Sussex University",left
2002013007,2013-04-16,2013-04-16,"Faslane, Argyll and Bute, CND, Trident, nuclear disarmament, nuclear deterrent, nuclear weapons, anti nuclear, anti-nuclear",left
2002013008,2013-05-25,2013-05-25,"Balcombe, Cuadrilla Resources, hydraulic fracturing, fracking, shale gas",left
2002013013,2013-07-16,2013-07-16,"cyclists, bike friendly, cycling, bicycle, cycle",left
2002013014,2013-07-25,2013-08-21,"Balcombe, environmentalists, environmentalist, hydraulic fracturing, fracking, shale gas, oil exploration",left
2002013015,2013-08-09,2013-08-09,Internment,neither
2002013016,2013-08-14,2013-08-14,"train fares, rail fares, railway",left
2002013019,2013-10-30,2013-10-30,"Stop Climate, Climate Chaos, cycling, environmentalists, environmentalist, cyclists, bike friendly, cycling, bicycle, cycle",left
2002013020,2013-11-29,2013-11-29,"cyclists, bike friendly, cycling, bicycle, cycle, Transport for London, Southwark",left
2002014001,2014-01-08,2014-01-08,Mark Duggan,left
2002014002,2014-03-08,2014-03-08,"barristers, solicitors, legal aid",left
2002014003,2014-06-11,2014-06-11,"black cab, Taxi Drivers, cabdrivers, Uber",neither
2002014004,2014-06-29,2014-06-29,"Pro independence, Pro-independence, BBC Scotland",neither
2002014005,2014-07-01,2014-07-01,"Lady Gaga, Smithfield Market",neither
2002014006,2014-08-01,2014-08-01,"black cab, Taxi Drivers, cabdrivers, Uber",neither
2002014007,2014-09-03,2014-09-03,"Port Seton, Coastal Regeneration, CRA, Historic Scotland, Cockenzie, power station, energy park, wind farm",left
2002014008,2014-09-12,2014-09-12,"anti UKIP, anti-UKIP, Farage",left
2002014009,2014-09-14,2014-09-14,"Yes campaign, referendum, BBC headquarters, Nick Robinson, Yes camp, Pacific Quay",neither
2002014010,2014-09-21,2014-09-21,"carbon emissions, climate change",left
2002014011,2014-10-18,2014-10-18,"Trades Union, Pay Rise",left
2002014012,2014-11-05,2014-11-05,"Anti capitalists, Anti-capitalists, Anticapitalists, Anti capitalist, Anti-capitalist, Anticapitalist, Million Mask March, Anonymous, Guy Fawkes masks",left
2002014013,2014-11-19,2014-11-19,"student protesters, tuition fees, student loan, student loans, university fees",left
2002015001,2015-03-07,2015-03-07,"West Drayton, asylum seekers, Harmondsworth, immigration removal",left
2002015003,2015-04-01,2015-04-01,"Faslane, CND, Trident, nuclear disarmament, nuclear deterrent, nuclear weapons, anti nuclear, anti-nuclear",left
2002015004,2015-04-13,2015-04-13,"Faslane, Argyll and Bute, CND, Trident, nuclear disarmament, nuclear deterrent, nuclear weapons, anti nuclear, anti-nuclear",left
2002015005,2015-04-20,2015-04-20,"Cannabis, marijuana",left
2002015006,2015-04-25,2015-04-25,"Brixton, gentrification, anti-gentrification",left
2002015007,2015-05-09,2015-05-09,"London Black Revolutionaries, anti austerity, anti-austerity",left
2002015008,2015-05-26,2015-05-26,"minicabs, black cab, Taxi Drivers, cabdrivers, Uber",neither
2002015009,2015-06-15,2015-06-15,"cyclists, Dare to bare, stripped, Naked Bike Ride, bike friendly, cycling, bicycle, cycle",left
2002015010,2015-06-20,2015-06-20,"anti austerity, anti-austerity, austerity, spending cuts, public spending",left
2002015011,2015-08-16,2015-08-16,"environmentalists, environmentalist, BP, Edinburgh International Festival, Edinburgh Festival",left
2002015013,2015-10-04,2015-10-06,"anti austerity, anti-austerity, austerity, spending cuts, public spending",left
2002015017,2015-11-04,2015-11-04,"anarchist, black bloc, student demonstration, tuition fees,maintenance grants",left
2002015018,2015-11-05,2015-11-05,"Anti capitalists, Anti-capitalists, Anticapitalists, Anti capitalist, Anti-capitalist, Anticapitalist, Million Mask March, Anonymous, Guy Fawkes masks",left
2002015019,2015-12-01,2015-12-01,"Stop the War, Islamic State",left
2002016001,2016-01-02,2016-01-04,"Action for Rail, train fares, rail fares, railway",left
2002016003,2016-01-27,2016-01-27,"fishermen, fishing",right
2002016004,2016-01-30,2016-01-30,"Dewsbury, Britain First, farright, far right, antifascist, anti fascist, pro immigrant, pro-immigrant, pro immigration, pro-immigration, anti immigration,  anti-immigration,  anti immigrant,  anti-immigrant",right
2002016008,2016-02-24,2016-02-24,union members,left
2002016009,2016-03-10,2016-03-10,"farmers, farmer",left
2002016010,2016-04-07,2016-04-07,Carnegie Library,left
2002016011,2016-04-16,2016-04-16,"anti austerity, anti-austerity, austerity, spending cuts, public spending, teachers, nurses",left
2002016012,2016-04-27,2016-04-27,"hydraulic fracturing, fracking, shale gas, oil exploration, Emma Thompson, Greenpeace, Cuadrilla",left
2002016013,2016-04-27,2016-04-27,"junior doctors, Jeremy Hunt, NHS walkout",left
2002016014,2016-04-30,2016-04-30,"Trident, nuclear disarmament, nuclear deterrent, nuclear weapons, anti nuclear, anti-nuclear, Nicola Sturgeon",left
2002016015,2016-06-15,2016-06-15,"Thames, Farmers, Farmer, UKIP, Nigel Farage, Brexit, anti Brexit, anti-Brexit, European Union",right
2002016018,2016-06-26,2016-06-26,"Birmingham, far right, far-right, farright, mosque",right
2002016019,2016-06-28,2016-06-28,"EU, E.U., european union, Brexit",left
2002016020,2016-07-02,2016-07-02,"EU, E.U., european union, Brexit",left
2002016022,2016-07-11,2016-07-11,"black lives matter, police harassment, racial injustice, police brutality, hate crimes, Mark Duggan, black man",left
2002016023,2016-07-11,2016-07-11,"Victoria station, commuters, rail network, Southern Rail",left
2002016024,2016-07-18,2016-07-18,"Trident, nuclear disarmament, nuclear deterrent, nuclear weapons, anti nuclear, anti-nuclear",left
2002016025,2016-08-05,2016-08-05,"black lives matter, police harassment, racial injustice, police brutality, hate crimes, Mark Duggan, black man",left
2002016026,2016-10-15,2016-10-15,"Citizens UK, Shakeel Begg",left
2002016027,2016-11-05,2016-11-05,"Million Mask March, anti government, Anti capitalists, Anti-capitalists, Anticapitalists, Anti capitalist, Anti-capitalist, Anticapitalist, Million Mask March, Anonymous, Guy Fawkes masks",left
2002016030,2016-11-15,2016-11-15,"Devon, hospital closure, hospital closures",left
2002016032,2016-11-15,2016-11-15,prison officers,neither
2002016035,2016-12-20,2017-01-02,"Kirby Misperton, hydraulic fracturing, fracking, shale gas",left
2002017001,2017-01-01,2017-01-01,"Lake District, Duddon estuary, Askamin Furness,  electricity pylons",left
2002017003,2017-01-21,2017-01-21,"feminist, gender equality, women’s rights, Women's March, Women's marches",left
2002017004,2017-01-30,2017-01-30,"Trump, Trump’s, Muslim ban",left
2002017006,2017-02-04,2017-02-04,"Trump, state visit",left
2002017011,2017-03-04,2017-03-04,"nurses, NHS",left
2002017012,2017-03-25,2017-03-25,"Remainers, against Brexit, Pro-EU, Anti-Brexit, Pro EU, Anti Brexit, REMAIN MARCH",left
2002017013,2017-05-07,2017-05-07,"stabbings, knife crime",neither
2002017014,2017-06-16,2017-06-16,Grenfell,left
2002017015,2017-06-21,2017-06-21,"Shepherds Bush, Day of Rage",left
2002017016,2017-06-25,2017-06-25,"Edir Frederico Da Costa, Forest Gate",left
2002017017,2017-07-28,2017-07-28,"black man, restrained by police, Rashan Charles",left
2002017018,2017-10-01,2017-10-01,"against Brexit, anti Brexit, anti-Brexit, anti austerity, anti-austerity, party conference",left
2002017019,2017-10-28,2017-10-28,"Wick, Thurso, Portree,  Caithness, hospital provision, hospital services, Isle of Skye",left
2002017020,2017-11-21,2017-11-21,"Jordanhill Community, Jordanhill college",left
